{"app":["/app-dcce962eabcc209a7680.js"],"component---cache-caches-gatsby-plugin-offline-app-shell-js":["/component---cache-caches-gatsby-plugin-offline-app-shell-js-6f061b09cc63f0400406.js"],"component---src-pages-404-js":["/component---src-pages-404-js-31fe94375b44295af767.js"],"component---src-pages-archive-js":["/component---src-pages-archive-js-8e8f28c0c4beadd79958.js"],"component---src-pages-index-js":["/component---src-pages-index-js-a5b6a143b006da1e9371.js"],"component---src-pages-pensieve-index-js":["/component---src-pages-pensieve-index-js-b82c5119d5a6d601e313.js"],"component---src-pages-pensieve-tags-js":["/component---src-pages-pensieve-tags-js-d03024685134b1432334.js"],"component---src-templates-post-js":["/component---src-templates-post-js-e0ce3579d703280eb1af.js"],"component---src-templates-tag-js":["/component---src-templates-tag-js-46455da44610bd4f859b.js"]}