{"namedChunkGroups":{"app":{"name":"app","assets":[{"name":"webpack-runtime-74b341e55bf371865e08.js","size":4314},{"name":"framework-71f6327df07cb994cfb4.js","size":129417},{"name":"app-dcce962eabcc209a7680.js","size":108802}],"filteredAssets":0,"assetsSize":242533,"filteredAuxiliaryAssets":3,"auxiliaryAssetsSize":792111},"component---cache-caches-gatsby-plugin-offline-app-shell-js":{"name":"component---cache-caches-gatsby-plugin-offline-app-shell-js","assets":[{"name":"component---cache-caches-gatsby-plugin-offline-app-shell-js-6f061b09cc63f0400406.js","size":499}],"filteredAssets":0,"assetsSize":499,"filteredAuxiliaryAssets":1,"auxiliaryAssetsSize":1657},"component---src-pages-404-js":{"name":"component---src-pages-404-js","assets":[{"name":"546641dfde76ed00139ea2c3eae09499c5f2164a-c5c17cc09924de48401d.js","size":127421},{"name":"component---src-pages-404-js-31fe94375b44295af767.js","size":1534}],"filteredAssets":0,"assetsSize":128955,"filteredAuxiliaryAssets":22,"auxiliaryAssetsSize":1174386},"component---src-pages-archive-js":{"name":"component---src-pages-archive-js","assets":[{"name":"546641dfde76ed00139ea2c3eae09499c5f2164a-c5c17cc09924de48401d.js","size":127421},{"name":"component---src-pages-archive-js-8e8f28c0c4beadd79958.js","size":3739}],"filteredAssets":0,"assetsSize":131160,"filteredAuxiliaryAssets":22,"auxiliaryAssetsSize":1180927},"component---src-pages-index-js":{"name":"component---src-pages-index-js","assets":[{"name":"546641dfde76ed00139ea2c3eae09499c5f2164a-c5c17cc09924de48401d.js","size":127421},{"name":"component---src-pages-index-js-a5b6a143b006da1e9371.js","size":632}],"filteredAssets":0,"assetsSize":128053,"filteredAuxiliaryAssets":22,"auxiliaryAssetsSize":1171933},"component---src-pages-pensieve-index-js":{"name":"component---src-pages-pensieve-index-js","assets":[{"name":"546641dfde76ed00139ea2c3eae09499c5f2164a-c5c17cc09924de48401d.js","size":127421},{"name":"component---src-pages-pensieve-index-js-b82c5119d5a6d601e313.js","size":9164}],"filteredAssets":0,"assetsSize":136585,"filteredAuxiliaryAssets":22,"auxiliaryAssetsSize":1207778},"component---src-pages-pensieve-tags-js":{"name":"component---src-pages-pensieve-tags-js","assets":[{"name":"546641dfde76ed00139ea2c3eae09499c5f2164a-c5c17cc09924de48401d.js","size":127421},{"name":"component---src-pages-pensieve-tags-js-d03024685134b1432334.js","size":6731}],"filteredAssets":0,"assetsSize":134152,"filteredAuxiliaryAssets":22,"auxiliaryAssetsSize":1202810},"component---src-templates-post-js":{"name":"component---src-templates-post-js","assets":[{"name":"546641dfde76ed00139ea2c3eae09499c5f2164a-c5c17cc09924de48401d.js","size":127421},{"name":"component---src-templates-post-js-e0ce3579d703280eb1af.js","size":7325}],"filteredAssets":0,"assetsSize":134746,"filteredAuxiliaryAssets":22,"auxiliaryAssetsSize":1203892},"component---src-templates-tag-js":{"name":"component---src-templates-tag-js","assets":[{"name":"546641dfde76ed00139ea2c3eae09499c5f2164a-c5c17cc09924de48401d.js","size":127421},{"name":"component---src-templates-tag-js-46455da44610bd4f859b.js","size":7283}],"filteredAssets":0,"assetsSize":134704,"filteredAuxiliaryAssets":22,"auxiliaryAssetsSize":1205014}},"assetsByChunkName":{"app":["webpack-runtime-74b341e55bf371865e08.js","framework-71f6327df07cb994cfb4.js","app-dcce962eabcc209a7680.js"],"component---cache-caches-gatsby-plugin-offline-app-shell-js":["component---cache-caches-gatsby-plugin-offline-app-shell-js-6f061b09cc63f0400406.js"],"component---src-pages-404-js":["546641dfde76ed00139ea2c3eae09499c5f2164a-c5c17cc09924de48401d.js","component---src-pages-404-js-31fe94375b44295af767.js"],"component---src-pages-archive-js":["546641dfde76ed00139ea2c3eae09499c5f2164a-c5c17cc09924de48401d.js","component---src-pages-archive-js-8e8f28c0c4beadd79958.js"],"component---src-pages-index-js":["546641dfde76ed00139ea2c3eae09499c5f2164a-c5c17cc09924de48401d.js","component---src-pages-index-js-a5b6a143b006da1e9371.js"],"component---src-pages-pensieve-index-js":["546641dfde76ed00139ea2c3eae09499c5f2164a-c5c17cc09924de48401d.js","component---src-pages-pensieve-index-js-b82c5119d5a6d601e313.js"],"component---src-pages-pensieve-tags-js":["546641dfde76ed00139ea2c3eae09499c5f2164a-c5c17cc09924de48401d.js","component---src-pages-pensieve-tags-js-d03024685134b1432334.js"],"component---src-templates-post-js":["546641dfde76ed00139ea2c3eae09499c5f2164a-c5c17cc09924de48401d.js","component---src-templates-post-js-e0ce3579d703280eb1af.js"],"component---src-templates-tag-js":["546641dfde76ed00139ea2c3eae09499c5f2164a-c5c17cc09924de48401d.js","component---src-templates-tag-js-46455da44610bd4f859b.js"]},"childAssetsByChunkName":{}}