{"data":{"jobs":{"edges":[{"node":{"frontmatter":{"title":"Lead Engineer","company":"Upstatement","location":"Boston, MA","range":"May 2018 - Present","url":"https://www.upstatement.com/"},"html":"<ul>\n<li>Deliver high-quality, robust production code for a diverse array of projects for clients including Harvard Business School, Everytown for Gun Safety, Pratt Institute, Koala Health, Vanderbilt University, The 19th News, and more</li>\n<li>Work alongside creative directors to lead the research, development, and architecture of technical solutions to fulfill business requirements</li>\n<li>Collaborate with designers, project managers, and other engineers to transform creative concepts into production realities for clients and stakeholders</li>\n<li>Provide leadership within engineering department through close collaboration, knowledge shares, and mentorship</li>\n</ul>"}},{"node":{"frontmatter":{"title":"UI Engineer Co-op","company":"Apple","location":"Cupertino, CA","range":"July - December 2017","url":"https://www.apple.com/music/"},"html":"<ul>\n<li>Developed and styled interactive web applications for Apple Music using Ember and SCSS</li>\n<li>Built and shipped the Apple Music Extension for Facebook Messenger leveraging third-party and internal API integrations</li>\n<li>Architected and implemented the user interface of Apple Music's embeddable web player widget for in-browser user authorization and full song playback</li>\n<li>Contributed extensively to the creation of MusicKit JS, a public-facing JavaScript SDK for embedding Apple Music players into web applications</li>\n</ul>"}},{"node":{"frontmatter":{"title":"Developer","company":"Scout Studio","location":"Northeastern University","range":"Spring 2016 & 2017","url":"https://web.northeastern.edu/scout/"},"html":"<ul>\n<li>Collaborated with other student designers and engineers on pro-bono projects to create new brands, design systems, and websites for organizations in the community</li>\n<li>Built and delivered technical solutions according to stakeholder business requirements</li>\n</ul>"}},{"node":{"frontmatter":{"title":"Software Engineer Co-op","company":"Starry","location":"Boston, MA","range":"July - December 2016","url":"https://starry.com/"},"html":"<ul>\n<li>Engineered and improved major features of Starry's customer-facing Android web app using ES6, Handlebars, Backbone, Marionette, and CSS</li>\n<li>Proposed and implemented scalable solutions to issues identified with cloud services and applications responsible for communicating with the Starry Station internet router</li>\n<li>Collaborated with designers and other developers to ensure thoughtful and consistent user experiences across Starry’s iOS and Android mobile apps</li>\n</ul>"}},{"node":{"frontmatter":{"title":"Creative Technologist Co-op","company":"MullenLowe","location":"Boston, MA","range":"July - December 2015","url":"https://us.mullenlowe.com/"},"html":"<ul>\n<li>Developed, maintained, and shipped production code for client websites primarily using HTML, CSS, Sass, JavaScript, and jQuery</li>\n<li>Performed quality assurance tests on various sites to ensure cross-browser compatibility and mobile responsiveness</li>\n<li>Clients included JetBlue, Lovesac, U.S. Cellular, U.S. Department of Defense, and more</li>\n</ul>"}}]}}}